ReturnID,TransactionID,OrderLineID,ReturnDate,Reason
"RET-1","TRN-9008","OL-14","2025-06-14","Unwanted Gift"
"RET-2","TRN-9090","OL-229","2023-02-10","Unwanted Gift"
"RET-3","TRN-9097","OL-244","2025-02-11","Unwanted Gift"
"RET-4","TRN-9110","OL-279","2022-06-17","Unwanted Gift"
"RET-5","TRN-9178","OL-438","2024-10-16","Unwanted Gift"
"RET-6","TRN-9204","OL-511","2023-07-07","Unwanted Gift"
"RET-7","TRN-9205","OL-514","2022-09-21","Unwanted Gift"
"RET-8","TRN-9243","OL-613","2024-10-25","Unwanted Gift"
"RET-9","TRN-9252","OL-636","2024-02-10","Unwanted Gift"
"RET-10","TRN-9267","OL-679","2025-05-17","Unwanted Gift"
"RET-11","TRN-9272","OL-692","2025-06-09","Unwanted Gift"
"RET-12","TRN-9297","OL-749","2025-10-01","Unwanted Gift"
"RET-13","TRN-9346","OL-885","2022-10-24","Unwanted Gift"
"RET-14","TRN-9354","OL-904","2024-10-30","Unwanted Gift"
"RET-15","TRN-9362","OL-924","2023-12-03","Unwanted Gift"
"RET-16","TRN-9373","OL-947","2023-05-22","Unwanted Gift"
"RET-17","TRN-9391","OL-996","2025-09-17","Unwanted Gift"
"RET-18","TRN-9400","OL-1018","2022-01-15","Unwanted Gift"
"RET-19","TRN-9402","OL-1023","2025-09-09","Unwanted Gift"
"RET-20","TRN-9422","OL-1070","2024-08-14","Unwanted Gift"
"RET-21","TRN-9458","OL-1157","2024-05-02","Unwanted Gift"
"RET-22","TRN-9486","OL-1218","2025-04-01","Unwanted Gift"
"RET-23","TRN-9491","OL-1231","2024-08-04","Unwanted Gift"
"RET-24","TRN-9518","OL-1303","2025-04-24","Unwanted Gift"
"RET-25","TRN-9526","OL-1315","2023-07-02","Unwanted Gift"
"RET-26","TRN-9545","OL-1350","2024-02-28","Unwanted Gift"
"RET-27","TRN-9585","OL-1443","2022-12-18","Unwanted Gift"
"RET-28","TRN-9588","OL-1453","2024-12-20","Unwanted Gift"
"RET-29","TRN-9606","OL-1496","2024-05-03","Unwanted Gift"
"RET-30","TRN-9613","OL-1510","2024-04-01","Unwanted Gift"
"RET-31","TRN-9620","OL-1525","2024-06-11","Unwanted Gift"
"RET-32","TRN-9643","OL-1585","2023-11-22","Unwanted Gift"
"RET-33","TRN-9694","OL-1718","2023-11-11","Unwanted Gift"
"RET-34","TRN-9751","OL-1873","2024-02-01","Unwanted Gift"
"RET-35","TRN-9776","OL-1940","2022-03-19","Unwanted Gift"
"RET-36","TRN-9788","OL-1967","2025-08-28","Unwanted Gift"
"RET-37","TRN-9790","OL-1975","2025-04-26","Unwanted Gift"
"RET-38","TRN-9809","OL-2021","2023-04-02","Unwanted Gift"
"RET-39","TRN-9840","OL-2107","2023-09-02","Unwanted Gift"
"RET-40","TRN-9849","OL-2132","2025-08-14","Unwanted Gift"
"RET-41","TRN-9862","OL-2168","2022-03-25","Unwanted Gift"
"RET-42","TRN-9869","OL-2183","2022-05-11","Unwanted Gift"
"RET-43","TRN-9872","OL-2191","2023-03-11","Unwanted Gift"
"RET-44","TRN-9883","OL-2212","2023-12-28","Unwanted Gift"
"RET-45","TRN-9916","OL-2297","2025-01-18","Unwanted Gift"
"RET-46","TRN-9943","OL-2359","2022-12-17","Unwanted Gift"
"RET-47","TRN-9959","OL-2405","2022-03-05","Unwanted Gift"
"RET-48","TRN-9983","OL-2477","2022-07-30","Unwanted Gift"
"RET-49","TRN-9988","OL-2487","2024-12-23","Unwanted Gift"
"RET-50","TRN-10004","OL-2524","2023-06-09","Unwanted Gift"
"RET-51","TRN-10006","OL-2528","2023-12-25","Unwanted Gift"
"RET-52","TRN-10013","OL-2546","2024-08-25","Unwanted Gift"
"RET-53","TRN-10046","OL-2626","2023-04-26","Unwanted Gift"
"RET-54","TRN-10062","OL-2669","2022-07-05","Unwanted Gift"
"RET-55","TRN-10118","OL-2805","2023-01-24","Unwanted Gift"
"RET-56","TRN-10127","OL-2831","2024-07-10","Unwanted Gift"
"RET-57","TRN-10152","OL-2902","2023-08-06","Unwanted Gift"
"RET-58","TRN-10175","OL-2954","2023-08-28","Unwanted Gift"
"RET-59","TRN-10184","OL-2979","2022-12-22","Unwanted Gift"
"RET-60","TRN-10190","OL-2992","2023-01-14","Unwanted Gift"
"RET-61","TRN-10216","OL-3065","2023-06-17","Unwanted Gift"
"RET-62","TRN-10219","OL-3074","2025-04-18","Unwanted Gift"
"RET-63","TRN-10223","OL-3087","2022-04-11","Unwanted Gift"
"RET-64","TRN-10225","OL-3095","2023-10-07","Unwanted Gift"
"RET-65","TRN-10241","OL-3137","2023-08-19","Unwanted Gift"
"RET-66","TRN-10251","OL-3154","2023-09-27","Unwanted Gift"
"RET-67","TRN-10274","OL-3208","2023-05-25","Unwanted Gift"
"RET-68","TRN-10287","OL-3235","2022-09-22","Unwanted Gift"
"RET-69","TRN-10301","OL-3269","2025-07-07","Unwanted Gift"
"RET-70","TRN-10308","OL-3286","2025-10-09","Unwanted Gift"
"RET-71","TRN-10310","OL-3292","2023-09-24","Unwanted Gift"
"RET-72","TRN-10353","OL-3404","2025-01-23","Unwanted Gift"
"RET-73","TRN-10371","OL-3447","2025-06-29","Unwanted Gift"
"RET-74","TRN-10383","OL-3480","2025-05-23","Unwanted Gift"
"RET-75","TRN-10432","OL-3596","2022-01-28","Unwanted Gift"
"RET-76","TRN-10483","OL-3705","2025-05-14","Unwanted Gift"
"RET-77","TRN-10484","OL-3706","2024-06-17","Unwanted Gift"
"RET-78","TRN-10490","OL-3719","2024-06-06","Unwanted Gift"
"RET-79","TRN-10502","OL-3747","2023-04-15","Unwanted Gift"
"RET-80","TRN-10521","OL-3799","2022-06-30","Unwanted Gift"
"RET-81","TRN-10539","OL-3853","2022-08-12","Unwanted Gift"
"RET-82","TRN-10549","OL-3877","2023-04-29","Unwanted Gift"
"RET-83","TRN-10563","OL-3912","2024-03-30","Unwanted Gift"
"RET-84","TRN-10579","OL-3952","2022-11-15","Unwanted Gift"
"RET-85","TRN-10581","OL-3960","2022-09-16","Unwanted Gift"
"RET-86","TRN-10590","OL-3976","2024-12-31","Unwanted Gift"
"RET-87","TRN-10617","OL-4035","2025-03-14","Unwanted Gift"
"RET-88","TRN-10628","OL-4065","2023-10-08","Unwanted Gift"
"RET-89","TRN-10631","OL-4073","2025-09-08","Unwanted Gift"
"RET-90","TRN-10649","OL-4118","2024-02-09","Unwanted Gift"
"RET-91","TRN-10671","OL-4171","2023-01-26","Unwanted Gift"
"RET-92","TRN-10677","OL-4185","2022-05-21","Unwanted Gift"
"RET-93","TRN-10720","OL-4293","2025-04-17","Unwanted Gift"
"RET-94","TRN-10728","OL-4315","2024-05-28","Unwanted Gift"
"RET-95","TRN-10744","OL-4353","2024-01-01","Unwanted Gift"
"RET-96","TRN-10747","OL-4361","2025-02-28","Unwanted Gift"
"RET-97","TRN-10753","OL-4382","2022-10-13","Unwanted Gift"
"RET-98","TRN-10759","OL-4398","2023-11-11","Unwanted Gift"
"RET-99","TRN-10773","OL-4432","2024-04-10","Unwanted Gift"
"RET-100","TRN-10774","OL-4435","2025-04-25","Unwanted Gift"
"RET-101","TRN-10863","OL-4657","2025-01-31","Unwanted Gift"
"RET-102","TRN-10867","OL-4669","2024-06-22","Unwanted Gift"
"RET-103","TRN-10884","OL-4710","2023-02-17","Unwanted Gift"
"RET-104","TRN-10901","OL-4748","2023-03-26","Unwanted Gift"
"RET-105","TRN-10905","OL-4757","2024-02-08","Unwanted Gift"
"RET-106","TRN-10924","OL-4806","2024-03-15","Unwanted Gift"
"RET-107","TRN-10981","OL-4951","2022-06-13","Unwanted Gift"
"RET-108","TRN-11070","OL-5181","2023-10-24","Unwanted Gift"
"RET-109","TRN-11122","OL-5303","2025-01-26","Unwanted Gift"
"RET-110","TRN-11187","OL-5461","2023-08-16","Unwanted Gift"
"RET-111","TRN-11196","OL-5486","2022-11-23","Unwanted Gift"
"RET-112","TRN-11204","OL-5511","2024-07-25","Unwanted Gift"
"RET-113","TRN-11224","OL-5562","2024-05-21","Unwanted Gift"
"RET-114","TRN-11236","OL-5584","2022-06-10","Unwanted Gift"
"RET-115","TRN-11261","OL-5659","2022-11-05","Unwanted Gift"
"RET-116","TRN-11265","OL-5670","2023-09-07","Unwanted Gift"
"RET-117","TRN-11304","OL-5768","2024-04-29","Unwanted Gift"
"RET-118","TRN-11336","OL-5839","2022-01-07","Unwanted Gift"
"RET-119","TRN-11353","OL-5879","2023-01-12","Unwanted Gift"
"RET-120","TRN-11365","OL-5904","2025-05-22","Unwanted Gift"
"RET-121","TRN-11370","OL-5915","2024-12-07","Unwanted Gift"
"RET-122","TRN-11372","OL-5920","2023-11-04","Unwanted Gift"
"RET-123","TRN-11377","OL-5928","2025-05-28","Unwanted Gift"
"RET-124","TRN-11378","OL-5933","2025-09-04","Unwanted Gift"
"RET-125","TRN-11404","OL-6006","2023-08-01","Unwanted Gift"
"RET-126","TRN-11445","OL-6110","2024-02-06","Unwanted Gift"
"RET-127","TRN-11452","OL-6125","2024-08-23","Unwanted Gift"
"RET-128","TRN-11457","OL-6133","2022-05-24","Unwanted Gift"
"RET-129","TRN-11473","OL-6170","2025-05-13","Unwanted Gift"
"RET-130","TRN-11493","OL-6222","2023-10-02","Unwanted Gift"
"RET-131","TRN-11498","OL-6234","2022-05-03","Unwanted Gift"
"RET-132","TRN-11535","OL-6321","2022-05-01","Unwanted Gift"
"RET-133","TRN-11548","OL-6351","2023-04-22","Unwanted Gift"
"RET-134","TRN-11581","OL-6439","2023-01-09","Unwanted Gift"
"RET-135","TRN-11589","OL-6457","2025-08-03","Unwanted Gift"
"RET-136","TRN-11595","OL-6473","2022-06-03","Unwanted Gift"
"RET-137","TRN-11630","OL-6560","2025-09-01","Unwanted Gift"
"RET-138","TRN-11631","OL-6563","2022-10-10","Unwanted Gift"
"RET-139","TRN-11637","OL-6578","2024-04-06","Unwanted Gift"
"RET-140","TRN-11638","OL-6579","2024-03-20","Unwanted Gift"
"RET-141","TRN-11642","OL-6593","2025-10-30","Unwanted Gift"
"RET-142","TRN-11671","OL-6674","2022-02-21","Unwanted Gift"
"RET-143","TRN-11673","OL-6679","2025-03-06","Unwanted Gift"
"RET-144","TRN-11719","OL-6793","2023-09-17","Unwanted Gift"
"RET-145","TRN-11735","OL-6840","2025-07-25","Unwanted Gift"
"RET-146","TRN-11741","OL-6856","2022-07-18","Unwanted Gift"
"RET-147","TRN-11753","OL-6883","2022-03-03","Unwanted Gift"
"RET-148","TRN-11766","OL-6915","2022-04-09","Unwanted Gift"
"RET-149","TRN-11772","OL-6927","2022-07-06","Unwanted Gift"
"RET-150","TRN-11775","OL-6933","2022-03-20","Unwanted Gift"
"RET-151","TRN-11805","OL-7007","2025-10-11","Unwanted Gift"
"RET-152","TRN-11815","OL-7032","2024-01-13","Unwanted Gift"
"RET-153","TRN-11848","OL-7116","2022-03-17","Unwanted Gift"
"RET-154","TRN-11861","OL-7144","2025-01-16","Unwanted Gift"
"RET-155","TRN-11881","OL-7191","2023-05-23","Unwanted Gift"
"RET-156","TRN-11893","OL-7223","2024-02-11","Unwanted Gift"
"RET-157","TRN-11894","OL-7224","2023-02-20","Unwanted Gift"
"RET-158","TRN-11947","OL-7342","2025-08-05","Unwanted Gift"
"RET-159","TRN-11951","OL-7358","2024-07-12","Unwanted Gift"
"RET-160","TRN-11967","OL-7394","2025-09-05","Unwanted Gift"
"RET-161","TRN-11981","OL-7429","2022-02-27","Unwanted Gift"
"RET-162","TRN-11989","OL-7448","2023-09-29","Unwanted Gift"
"RET-163","TRN-12008","OL-7500","2024-02-29","Unwanted Gift"
"RET-164","TRN-12029","OL-7559","2024-03-23","Unwanted Gift"
"RET-165","TRN-12050","OL-7603","2025-05-07","Unwanted Gift"
"RET-166","TRN-12058","OL-7621","2024-12-26","Unwanted Gift"
"RET-167","TRN-12060","OL-7625","2024-01-24","Unwanted Gift"
"RET-168","TRN-12064","OL-7639","2023-05-24","Unwanted Gift"
"RET-169","TRN-12075","OL-7666","2025-07-05","Unwanted Gift"
"RET-170","TRN-12102","OL-7737","2025-05-13","Unwanted Gift"
"RET-171","TRN-12103","OL-7740","2023-10-25","Unwanted Gift"
"RET-172","TRN-12123","OL-7793","2023-07-09","Unwanted Gift"
"RET-173","TRN-12135","OL-7824","2025-06-04","Unwanted Gift"
"RET-174","TRN-12149","OL-7862","2022-11-15","Unwanted Gift"
"RET-175","TRN-12171","OL-7915","2024-05-27","Unwanted Gift"
"RET-176","TRN-12181","OL-7945","2022-11-28","Unwanted Gift"
"RET-177","TRN-12188","OL-7962","2025-01-15","Unwanted Gift"
"RET-178","TRN-12195","OL-7980","2023-05-16","Unwanted Gift"
"RET-179","TRN-12233","OL-8085","2024-01-25","Unwanted Gift"
"RET-180","TRN-12257","OL-8148","2025-08-09","Unwanted Gift"
"RET-181","TRN-12259","OL-8156","2024-03-05","Unwanted Gift"
"RET-182","TRN-12306","OL-8279","2023-04-02","Unwanted Gift"
"RET-183","TRN-12327","OL-8330","2023-07-29","Unwanted Gift"
"RET-184","TRN-12342","OL-8364","2022-08-07","Unwanted Gift"
"RET-185","TRN-12353","OL-8395","2022-12-26","Unwanted Gift"
"RET-186","TRN-12355","OL-8400","2024-07-03","Unwanted Gift"
"RET-187","TRN-12364","OL-8424","2025-10-11","Unwanted Gift"
"RET-188","TRN-12394","OL-8490","2025-02-19","Unwanted Gift"
"RET-189","TRN-12400","OL-8504","2025-05-14","Unwanted Gift"
"RET-190","TRN-12486","OL-8700","2025-03-19","Unwanted Gift"
"RET-191","TRN-12497","OL-8725","2023-03-10","Unwanted Gift"
"RET-192","TRN-12518","OL-8775","2022-02-16","Unwanted Gift"
"RET-193","TRN-12526","OL-8790","2024-11-12","Unwanted Gift"
"RET-194","TRN-12551","OL-8859","2022-04-27","Unwanted Gift"
"RET-195","TRN-12617","OL-9043","2024-12-28","Unwanted Gift"
"RET-196","TRN-12667","OL-9166","2022-06-02","Unwanted Gift"
"RET-197","TRN-12685","OL-9217","2023-01-31","Unwanted Gift"
"RET-198","TRN-12691","OL-9234","2022-05-17","Unwanted Gift"
"RET-199","TRN-12700","OL-9257","2024-11-06","Unwanted Gift"
"RET-200","TRN-12760","OL-9408","2023-10-26","Unwanted Gift"
"RET-201","TRN-12761","OL-9412","2022-08-24","Unwanted Gift"
"RET-202","TRN-12777","OL-9463","2025-06-20","Unwanted Gift"
"RET-203","TRN-12789","OL-9496","2024-05-25","Unwanted Gift"
"RET-204","TRN-12821","OL-9580","2022-02-28","Unwanted Gift"
"RET-205","TRN-12864","OL-9693","2024-05-03","Unwanted Gift"
"RET-206","TRN-12877","OL-9722","2023-09-21","Unwanted Gift"
"RET-207","TRN-12937","OL-9850","2024-11-11","Unwanted Gift"
"RET-208","TRN-12951","OL-9884","2025-05-12","Unwanted Gift"
"RET-209","TRN-12958","OL-9901","2022-05-26","Unwanted Gift"
"RET-210","TRN-12989","OL-9977","2025-02-28","Unwanted Gift"
"RET-211","TRN-12993","OL-9983","2024-11-08","Unwanted Gift"
"RET-212","TRN-13000","OL-10005","2022-09-03","Unwanted Gift"
"RET-213","TRN-13007","OL-10022","2024-12-31","Unwanted Gift"
"RET-214","TRN-13028","OL-10075","2023-07-04","Unwanted Gift"
"RET-215","TRN-13032","OL-10084","2023-12-23","Unwanted Gift"
"RET-216","TRN-13041","OL-10106","2022-06-16","Unwanted Gift"
"RET-217","TRN-13053","OL-10141","2023-05-09","Unwanted Gift"
"RET-218","TRN-13064","OL-10167","2022-11-16","Unwanted Gift"
"RET-219","TRN-13074","OL-10189","2024-01-26","Unwanted Gift"
"RET-220","TRN-13082","OL-10205","2025-10-21","Unwanted Gift"
"RET-221","TRN-13107","OL-10266","2023-04-09","Unwanted Gift"
"RET-222","TRN-13110","OL-10277","2024-11-23","Unwanted Gift"
"RET-223","TRN-13119","OL-10300","2023-04-02","Unwanted Gift"
"RET-224","TRN-13120","OL-10304","2022-04-22","Unwanted Gift"
"RET-225","TRN-13164","OL-10419","2025-08-25","Unwanted Gift"
"RET-226","TRN-13173","OL-10447","2022-12-08","Unwanted Gift"
"RET-227","TRN-13192","OL-10490","2024-12-04","Unwanted Gift"
"RET-228","TRN-13235","OL-10614","2023-03-24","Unwanted Gift"
"RET-229","TRN-13242","OL-10630","2023-12-19","Unwanted Gift"
"RET-230","TRN-13244","OL-10633","2024-09-29","Unwanted Gift"
"RET-231","TRN-13277","OL-10707","2023-01-31","Unwanted Gift"
"RET-232","TRN-13305","OL-10772","2023-03-20","Unwanted Gift"
"RET-233","TRN-13310","OL-10783","2025-09-07","Unwanted Gift"
"RET-234","TRN-13344","OL-10862","2025-07-09","Unwanted Gift"
"RET-235","TRN-13388","OL-10969","2024-07-04","Unwanted Gift"
"RET-236","TRN-13406","OL-11016","2022-12-01","Unwanted Gift"
"RET-237","TRN-13413","OL-11036","2024-09-04","Unwanted Gift"
"RET-238","TRN-13449","OL-11122","2022-12-02","Unwanted Gift"
"RET-239","TRN-13473","OL-11179","2024-10-23","Unwanted Gift"
"RET-240","TRN-13498","OL-11235","2022-12-17","Unwanted Gift"
"RET-241","TRN-13532","OL-11325","2024-05-10","Unwanted Gift"
"RET-242","TRN-13536","OL-11336","2024-01-28","Unwanted Gift"
"RET-243","TRN-13564","OL-11399","2023-04-05","Unwanted Gift"
"RET-244","TRN-13571","OL-11415","2024-12-01","Unwanted Gift"
"RET-245","TRN-13574","OL-11423","2022-06-28","Unwanted Gift"
"RET-246","TRN-13584","OL-11447","2022-09-24","Unwanted Gift"
"RET-247","TRN-13640","OL-11585","2022-01-27","Unwanted Gift"
"RET-248","TRN-13642","OL-11589","2024-07-08","Unwanted Gift"
"RET-249","TRN-13657","OL-11627","2024-09-07","Unwanted Gift"
"RET-250","TRN-13674","OL-11664","2023-09-02","Unwanted Gift"
"RET-251","TRN-13713","OL-11760","2025-10-25","Unwanted Gift"
"RET-252","TRN-13730","OL-11801","2023-06-05","Unwanted Gift"
"RET-253","TRN-13735","OL-11816","2024-01-18","Unwanted Gift"
"RET-254","TRN-13837","OL-12072","2025-04-04","Unwanted Gift"
"RET-255","TRN-13840","OL-12077","2022-09-07","Unwanted Gift"
"RET-256","TRN-13845","OL-12095","2025-03-27","Unwanted Gift"
"RET-257","TRN-13847","OL-12098","2023-05-02","Unwanted Gift"
"RET-258","TRN-13854","OL-12114","2025-05-06","Unwanted Gift"
"RET-259","TRN-13867","OL-12142","2023-09-16","Unwanted Gift"
"RET-260","TRN-13872","OL-12153","2025-09-13","Unwanted Gift"
"RET-261","TRN-13903","OL-12236","2023-09-24","Unwanted Gift"
"RET-262","TRN-13912","OL-12261","2024-02-21","Unwanted Gift"
"RET-263","TRN-13936","OL-12320","2022-10-06","Unwanted Gift"
"RET-264","TRN-13940","OL-12332","2022-02-21","Unwanted Gift"
"RET-265","TRN-13960","OL-12387","2025-04-05","Unwanted Gift"
"RET-266","TRN-14008","OL-12493","2023-05-24","Unwanted Gift"
"RET-267","TRN-14039","OL-12566","2022-04-08","Unwanted Gift"
"RET-268","TRN-14083","OL-12682","2024-07-24","Unwanted Gift"
"RET-269","TRN-14118","OL-12758","2022-01-14","Unwanted Gift"
"RET-270","TRN-14141","OL-12815","2023-01-25","Unwanted Gift"
"RET-271","TRN-14179","OL-12902","2025-04-30","Unwanted Gift"
"RET-272","TRN-14188","OL-12926","2022-03-20","Unwanted Gift"
"RET-273","TRN-14230","OL-13036","2023-10-11","Unwanted Gift"
"RET-274","TRN-14233","OL-13045","2022-11-19","Unwanted Gift"
"RET-275","TRN-14246","OL-13075","2024-10-24","Unwanted Gift"
"RET-276","TRN-14257","OL-13102","2024-12-13","Unwanted Gift"
"RET-277","TRN-14293","OL-13197","2025-01-08","Unwanted Gift"
"RET-278","TRN-14328","OL-13276","2024-08-19","Unwanted Gift"
"RET-279","TRN-14348","OL-13330","2022-11-05","Unwanted Gift"
"RET-280","TRN-14349","OL-13331","2024-10-07","Unwanted Gift"
"RET-281","TRN-14352","OL-13339","2023-09-14","Unwanted Gift"
"RET-282","TRN-14364","OL-13369","2022-12-28","Unwanted Gift"
"RET-283","TRN-14368","OL-13375","2024-03-22","Unwanted Gift"
"RET-284","TRN-14420","OL-13508","2023-01-30","Unwanted Gift"
"RET-285","TRN-14483","OL-13663","2022-02-10","Unwanted Gift"
"RET-286","TRN-14496","OL-13695","2024-08-19","Unwanted Gift"
"RET-287","TRN-14509","OL-13732","2022-07-25","Unwanted Gift"
"RET-288","TRN-14536","OL-13798","2022-10-13","Unwanted Gift"
"RET-289","TRN-14553","OL-13842","2025-09-08","Unwanted Gift"
"RET-290","TRN-14564","OL-13868","2023-03-22","Unwanted Gift"
"RET-291","TRN-14629","OL-14037","2022-06-03","Unwanted Gift"
"RET-292","TRN-14693","OL-14185","2023-11-13","Unwanted Gift"
"RET-293","TRN-14729","OL-14276","2025-07-16","Unwanted Gift"
"RET-294","TRN-14755","OL-14350","2025-04-24","Unwanted Gift"
"RET-295","TRN-14766","OL-14382","2025-02-04","Unwanted Gift"
"RET-296","TRN-14783","OL-14422","2022-04-21","Unwanted Gift"
"RET-297","TRN-14789","OL-14440","2022-08-20","Unwanted Gift"
"RET-298","TRN-14851","OL-14583","2022-08-04","Unwanted Gift"
"RET-299","TRN-14882","OL-14662","2023-05-16","Unwanted Gift"
"RET-300","TRN-14887","OL-14678","2022-10-29","Unwanted Gift"
"RET-301","TRN-14888","OL-14680","2024-03-14","Unwanted Gift"
"RET-302","TRN-14906","OL-14731","2022-09-28","Unwanted Gift"
"RET-303","TRN-14924","OL-14773","2025-01-05","Unwanted Gift"
"RET-304","TRN-14956","OL-14860","2025-02-06","Unwanted Gift"
"RET-305","TRN-14988","OL-14938","2024-08-26","Unwanted Gift"
"RET-306","TRN-14990","OL-14943","2022-11-05","Unwanted Gift"
"RET-307","TRN-15000","OL-14972","2022-07-14","Unwanted Gift"
"RET-308","TRN-15031","OL-15053","2024-04-10","Unwanted Gift"
"RET-309","TRN-15051","OL-15103","2024-09-10","Unwanted Gift"
"RET-310","TRN-15059","OL-15117","2022-10-26","Unwanted Gift"
"RET-311","TRN-15064","OL-15132","2022-10-16","Unwanted Gift"
"RET-312","TRN-15067","OL-15140","2023-10-16","Unwanted Gift"
"RET-313","TRN-15094","OL-15204","2023-01-01","Unwanted Gift"
"RET-314","TRN-15107","OL-15235","2023-12-15","Unwanted Gift"
"RET-315","TRN-15116","OL-15258","2024-09-23","Unwanted Gift"
"RET-316","TRN-15154","OL-15350","2022-06-30","Unwanted Gift"
"RET-317","TRN-15160","OL-15365","2024-02-24","Unwanted Gift"
"RET-318","TRN-15163","OL-15376","2023-08-04","Unwanted Gift"
"RET-319","TRN-15183","OL-15427","2022-04-06","Unwanted Gift"
"RET-320","TRN-15208","OL-15486","2024-12-19","Unwanted Gift"
"RET-321","TRN-15236","OL-15554","2025-06-16","Unwanted Gift"
"RET-322","TRN-15260","OL-15607","2025-06-05","Unwanted Gift"
"RET-323","TRN-15296","OL-15700","2024-12-03","Unwanted Gift"
"RET-324","TRN-15308","OL-15724","2023-06-17","Unwanted Gift"
"RET-325","TRN-15327","OL-15762","2024-11-07","Unwanted Gift"
"RET-326","TRN-15349","OL-15812","2023-05-14","Unwanted Gift"
"RET-327","TRN-15353","OL-15821","2023-04-01","Unwanted Gift"
"RET-328","TRN-15354","OL-15822","2023-02-04","Unwanted Gift"
"RET-329","TRN-15358","OL-15832","2025-06-26","Unwanted Gift"
"RET-330","TRN-15372","OL-15866","2025-06-19","Unwanted Gift"
"RET-331","TRN-15392","OL-15921","2022-06-17","Unwanted Gift"
"RET-332","TRN-15406","OL-15961","2022-01-09","Unwanted Gift"
"RET-333","TRN-15408","OL-15965","2023-06-22","Unwanted Gift"
"RET-334","TRN-15424","OL-16005","2025-06-29","Unwanted Gift"
"RET-335","TRN-15425","OL-16011","2025-05-31","Unwanted Gift"
"RET-336","TRN-15466","OL-16105","2024-06-30","Unwanted Gift"
"RET-337","TRN-15472","OL-16119","2024-07-10","Unwanted Gift"
"RET-338","TRN-15506","OL-16203","2023-11-05","Unwanted Gift"
"RET-339","TRN-15507","OL-16206","2024-02-11","Unwanted Gift"
"RET-340","TRN-15512","OL-16213","2024-10-09","Unwanted Gift"
"RET-341","TRN-15516","OL-16219","2022-02-12","Unwanted Gift"
"RET-342","TRN-15527","OL-16244","2024-02-08","Unwanted Gift"
"RET-343","TRN-15529","OL-16250","2022-08-24","Unwanted Gift"
"RET-344","TRN-15557","OL-16326","2024-12-05","Unwanted Gift"
"RET-345","TRN-15594","OL-16425","2022-09-15","Unwanted Gift"
"RET-346","TRN-15621","OL-16500","2023-06-01","Unwanted Gift"
"RET-347","TRN-15660","OL-16613","2022-04-21","Unwanted Gift"
"RET-348","TRN-15679","OL-16663","2025-08-29","Unwanted Gift"
"RET-349","TRN-15689","OL-16682","2023-07-30","Unwanted Gift"
"RET-350","TRN-15697","OL-16703","2024-07-19","Unwanted Gift"
"RET-351","TRN-15723","OL-16768","2024-02-06","Unwanted Gift"
"RET-352","TRN-15727","OL-16780","2025-05-27","Unwanted Gift"
"RET-353","TRN-15800","OL-16966","2023-05-19","Unwanted Gift"
"RET-354","TRN-15816","OL-17005","2023-03-17","Unwanted Gift"
"RET-355","TRN-15818","OL-17013","2025-09-05","Unwanted Gift"
"RET-356","TRN-15860","OL-17116","2023-03-25","Unwanted Gift"
"RET-357","TRN-15873","OL-17146","2025-10-08","Unwanted Gift"
"RET-358","TRN-15892","OL-17190","2022-11-01","Unwanted Gift"
"RET-359","TRN-15898","OL-17201","2025-09-12","Unwanted Gift"
"RET-360","TRN-15901","OL-17211","2023-06-14","Unwanted Gift"
"RET-361","TRN-15907","OL-17225","2025-01-25","Unwanted Gift"
"RET-362","TRN-15925","OL-17274","2024-07-19","Unwanted Gift"
"RET-363","TRN-15965","OL-17361","2025-10-17","Unwanted Gift"
"RET-364","TRN-15971","OL-17376","2022-01-30","Unwanted Gift"
"RET-365","TRN-16004","OL-17453","2022-12-04","Unwanted Gift"
"RET-366","TRN-16098","OL-17704","2023-07-23","Unwanted Gift"
"RET-367","TRN-16107","OL-17725","2022-07-06","Unwanted Gift"
"RET-368","TRN-16134","OL-17790","2024-01-22","Unwanted Gift"
"RET-369","TRN-16139","OL-17802","2025-06-02","Unwanted Gift"
"RET-370","TRN-16144","OL-17813","2022-07-23","Unwanted Gift"
"RET-371","TRN-16156","OL-17841","2022-04-30","Unwanted Gift"
"RET-372","TRN-16157","OL-17842","2024-03-30","Unwanted Gift"
"RET-373","TRN-16166","OL-17860","2024-12-21","Unwanted Gift"
"RET-374","TRN-16179","OL-17893","2022-08-07","Unwanted Gift"
"RET-375","TRN-16192","OL-17924","2024-12-23","Unwanted Gift"
"RET-376","TRN-16207","OL-17965","2024-05-04","Unwanted Gift"
"RET-377","TRN-16238","OL-18039","2023-07-12","Unwanted Gift"
"RET-378","TRN-16239","OL-18041","2023-09-09","Unwanted Gift"
"RET-379","TRN-16244","OL-18054","2025-04-19","Unwanted Gift"
"RET-380","TRN-16256","OL-18077","2024-07-22","Unwanted Gift"
"RET-381","TRN-16265","OL-18099","2025-07-20","Unwanted Gift"
"RET-382","TRN-16301","OL-18187","2024-03-11","Unwanted Gift"
"RET-383","TRN-16306","OL-18200","2025-06-04","Unwanted Gift"
"RET-384","TRN-16310","OL-18211","2022-02-11","Unwanted Gift"
"RET-385","TRN-16321","OL-18239","2024-11-04","Unwanted Gift"
"RET-386","TRN-16331","OL-18262","2024-11-25","Unwanted Gift"
"RET-387","TRN-16334","OL-18267","2024-07-17","Unwanted Gift"
"RET-388","TRN-16356","OL-18332","2025-05-07","Unwanted Gift"
"RET-389","TRN-16428","OL-18514","2023-10-16","Unwanted Gift"
"RET-390","TRN-16441","OL-18551","2023-12-15","Unwanted Gift"
"RET-391","TRN-16459","OL-18601","2023-01-24","Unwanted Gift"
"RET-392","TRN-16470","OL-18628","2022-11-14","Unwanted Gift"
"RET-393","TRN-16518","OL-18751","2024-03-22","Unwanted Gift"
"RET-394","TRN-16528","OL-18775","2023-06-28","Unwanted Gift"
"RET-395","TRN-16547","OL-18818","2023-04-15","Unwanted Gift"
"RET-396","TRN-16552","OL-18831","2024-07-30","Unwanted Gift"
"RET-397","TRN-16595","OL-18935","2024-02-01","Unwanted Gift"
"RET-398","TRN-16614","OL-18973","2022-05-23","Unwanted Gift"
"RET-399","TRN-16615","OL-18974","2023-10-05","Unwanted Gift"
"RET-400","TRN-16656","OL-19090","2025-02-13","Unwanted Gift"
"RET-401","TRN-16665","OL-19118","2025-06-04","Unwanted Gift"
"RET-402","TRN-16674","OL-19147","2025-09-26","Unwanted Gift"
"RET-403","TRN-16684","OL-19171","2024-11-22","Unwanted Gift"
"RET-404","TRN-16716","OL-19252","2024-10-12","Unwanted Gift"
"RET-405","TRN-16731","OL-19297","2022-08-21","Unwanted Gift"
"RET-406","TRN-16735","OL-19305","2022-11-04","Unwanted Gift"
"RET-407","TRN-16739","OL-19315","2024-07-31","Unwanted Gift"
"RET-408","TRN-16747","OL-19339","2023-10-17","Unwanted Gift"
"RET-409","TRN-16762","OL-19378","2025-03-08","Unwanted Gift"
"RET-410","TRN-16791","OL-19447","2024-10-20","Unwanted Gift"
"RET-411","TRN-16808","OL-19496","2023-07-08","Unwanted Gift"
"RET-412","TRN-16826","OL-19538","2023-09-22","Unwanted Gift"
"RET-413","TRN-16844","OL-19582","2022-02-13","Unwanted Gift"
"RET-414","TRN-16851","OL-19603","2024-07-06","Unwanted Gift"
"RET-415","TRN-16859","OL-19620","2024-04-19","Unwanted Gift"
"RET-416","TRN-16873","OL-19657","2022-08-31","Unwanted Gift"
"RET-417","TRN-16882","OL-19679","2023-05-01","Unwanted Gift"
"RET-418","TRN-16929","OL-19799","2022-06-19","Unwanted Gift"
"RET-419","TRN-16933","OL-19810","2024-11-09","Unwanted Gift"
"RET-420","TRN-16941","OL-19838","2022-08-03","Unwanted Gift"
"RET-421","TRN-16950","OL-19860","2022-03-11","Unwanted Gift"
"RET-422","TRN-16955","OL-19870","2024-04-14","Unwanted Gift"
"RET-423","TRN-16970","OL-19906","2025-09-15","Unwanted Gift"
"RET-424","TRN-16990","OL-19954","2025-07-12","Unwanted Gift"
"RET-425","TRN-17037","OL-20071","2022-10-31","Unwanted Gift"
"RET-426","TRN-17049","OL-20110","2025-08-31","Unwanted Gift"
"RET-427","TRN-17063","OL-20146","2025-01-04","Unwanted Gift"
"RET-428","TRN-17074","OL-20170","2024-09-24","Unwanted Gift"
"RET-429","TRN-17116","OL-20264","2022-08-12","Unwanted Gift"
"RET-430","TRN-17122","OL-20279","2023-12-07","Unwanted Gift"
"RET-431","TRN-17130","OL-20298","2022-10-10","Unwanted Gift"
"RET-432","TRN-17161","OL-20373","2022-07-29","Unwanted Gift"
"RET-433","TRN-17165","OL-20385","2024-06-02","Unwanted Gift"
"RET-434","TRN-17177","OL-20407","2025-02-09","Unwanted Gift"
"RET-435","TRN-17184","OL-20428","2024-01-07","Unwanted Gift"
"RET-436","TRN-17206","OL-20493","2025-03-28","Unwanted Gift"
"RET-437","TRN-17275","OL-20651","2022-05-05","Unwanted Gift"
"RET-438","TRN-17282","OL-20664","2025-08-27","Unwanted Gift"
"RET-439","TRN-17292","OL-20684","2023-04-15","Unwanted Gift"
"RET-440","TRN-17302","OL-20705","2022-02-01","Unwanted Gift"
"RET-441","TRN-17332","OL-20784","2025-08-28","Unwanted Gift"
"RET-442","TRN-17337","OL-20799","2022-09-20","Unwanted Gift"
"RET-443","TRN-17339","OL-20806","2023-04-24","Unwanted Gift"
"RET-444","TRN-17343","OL-20815","2022-08-05","Unwanted Gift"
"RET-445","TRN-17381","OL-20917","2023-01-19","Unwanted Gift"
"RET-446","TRN-17387","OL-20933","2023-02-11","Unwanted Gift"
"RET-447","TRN-17438","OL-21072","2022-10-21","Unwanted Gift"
"RET-448","TRN-17491","OL-21203","2024-11-06","Unwanted Gift"
"RET-449","TRN-17499","OL-21227","2022-10-07","Unwanted Gift"
"RET-450","TRN-17504","OL-21240","2022-12-02","Unwanted Gift"
"RET-451","TRN-17507","OL-21249","2025-10-04","Unwanted Gift"
"RET-452","TRN-17569","OL-21401","2023-07-09","Unwanted Gift"
"RET-453","TRN-17633","OL-21568","2023-07-15","Unwanted Gift"
"RET-454","TRN-17658","OL-21642","2022-04-01","Unwanted Gift"
"RET-455","TRN-17661","OL-21649","2024-10-10","Unwanted Gift"
"RET-456","TRN-17667","OL-21663","2022-04-21","Unwanted Gift"
"RET-457","TRN-17680","OL-21697","2025-01-25","Unwanted Gift"
"RET-458","TRN-17685","OL-21709","2022-10-23","Unwanted Gift"
"RET-459","TRN-17718","OL-21785","2025-02-07","Unwanted Gift"
"RET-460","TRN-17722","OL-21793","2024-09-14","Unwanted Gift"
"RET-461","TRN-17743","OL-21839","2022-08-30","Unwanted Gift"
"RET-462","TRN-17744","OL-21841","2022-03-04","Unwanted Gift"
"RET-463","TRN-17751","OL-21861","2022-08-27","Unwanted Gift"
"RET-464","TRN-17758","OL-21878","2025-04-24","Unwanted Gift"
"RET-465","TRN-17820","OL-22044","2022-03-14","Unwanted Gift"
"RET-466","TRN-17883","OL-22195","2025-07-08","Unwanted Gift"
"RET-467","TRN-17887","OL-22203","2025-02-14","Unwanted Gift"
"RET-468","TRN-17898","OL-22236","2022-04-16","Unwanted Gift"
"RET-469","TRN-17904","OL-22252","2025-06-04","Unwanted Gift"
"RET-470","TRN-17938","OL-22333","2023-08-27","Unwanted Gift"
"RET-471","TRN-17997","OL-22484","2024-10-04","Unwanted Gift"
"RET-472","TRN-18007","OL-22508","2025-02-28","Unwanted Gift"
"RET-473","TRN-18030","OL-22565","2022-08-02","Unwanted Gift"
"RET-474","TRN-18049","OL-22615","2022-06-22","Unwanted Gift"
"RET-475","TRN-18080","OL-22705","2024-08-09","Unwanted Gift"
"RET-476","TRN-18081","OL-22706","2024-09-18","Unwanted Gift"
"RET-477","TRN-18085","OL-22716","2024-06-14","Unwanted Gift"
"RET-478","TRN-18102","OL-22760","2025-09-02","Unwanted Gift"
"RET-479","TRN-18117","OL-22795","2022-02-26","Unwanted Gift"
"RET-480","TRN-18126","OL-22815","2022-10-30","Unwanted Gift"
"RET-481","TRN-18189","OL-22981","2022-10-04","Unwanted Gift"
"RET-482","TRN-18237","OL-23106","2022-11-20","Unwanted Gift"
"RET-483","TRN-18257","OL-23156","2025-09-29","Unwanted Gift"
"RET-484","TRN-18336","OL-23359","2022-01-25","Unwanted Gift"
"RET-485","TRN-18340","OL-23370","2023-10-03","Unwanted Gift"
"RET-486","TRN-18368","OL-23438","2024-06-04","Unwanted Gift"
"RET-487","TRN-18395","OL-23498","2022-05-19","Unwanted Gift"
"RET-488","TRN-18420","OL-23559","2022-05-25","Unwanted Gift"
"RET-489","TRN-18445","OL-23620","2022-11-15","Unwanted Gift"
"RET-490","TRN-18446","OL-23622","2024-07-27","Unwanted Gift"
"RET-491","TRN-18454","OL-23639","2025-08-06","Unwanted Gift"
"RET-492","TRN-18457","OL-23647","2022-08-12","Unwanted Gift"
"RET-493","TRN-18498","OL-23745","2024-05-11","Unwanted Gift"
"RET-494","TRN-18546","OL-23865","2022-05-04","Unwanted Gift"
"RET-495","TRN-18595","OL-23999","2022-09-29","Unwanted Gift"
"RET-496","TRN-18614","OL-24039","2022-02-15","Unwanted Gift"
"RET-497","TRN-18641","OL-24106","2022-04-11","Unwanted Gift"
"RET-498","TRN-18644","OL-24115","2022-07-15","Unwanted Gift"
"RET-499","TRN-18650","OL-24132","2022-03-10","Unwanted Gift"
"RET-500","TRN-18667","OL-24182","2025-03-04","Unwanted Gift"
"RET-501","TRN-18682","OL-24217","2024-01-23","Unwanted Gift"
"RET-502","TRN-18713","OL-24290","2024-09-30","Unwanted Gift"
"RET-503","TRN-18741","OL-24359","2025-04-26","Unwanted Gift"
"RET-504","TRN-18766","OL-24421","2022-09-04","Unwanted Gift"
"RET-505","TRN-18805","OL-24524","2023-11-10","Unwanted Gift"
"RET-506","TRN-18847","OL-24626","2025-09-19","Unwanted Gift"
"RET-507","TRN-18863","OL-24655","2022-12-23","Unwanted Gift"
"RET-508","TRN-18872","OL-24676","2025-09-17","Unwanted Gift"
"RET-509","TRN-18876","OL-24687","2023-05-18","Unwanted Gift"
"RET-510","TRN-18910","OL-24773","2024-02-13","Unwanted Gift"
"RET-511","TRN-18931","OL-24825","2025-04-28","Unwanted Gift"
"RET-512","TRN-18940","OL-24846","2022-04-20","Unwanted Gift"
"RET-513","TRN-18977","OL-24925","2022-12-14","Unwanted Gift"